{
	"credit": "Made with Blockbench",
	"texture_size": [80, 80],
	"textures": {
		"2": "item/hammer",
		"particle": "item/hammer"
	},
	"elements": [
		{
			"from": [-0.5, 13, 0],
			"to": [18.5, 29, 16],
			"rotation": {"angle": 0, "axis": "y", "origin": [0, 13, 0]},
			"faces": {
				"north": {"uv": [3.2, 3.2, 7, 6.4], "texture": "#2"},
				"east": {"uv": [0, 3.2, 3.2, 6.4], "texture": "#2"},
				"south": {"uv": [7, 3.2, 3.2, 6.4], "texture": "#2"},
				"west": {"uv": [3.2, 3.2, 0, 6.4], "texture": "#2"},
				"up": {"uv": [7, 3.2, 3.2, 0], "texture": "#2"},
				"down": {"uv": [10.8, 0, 7, 3.2], "texture": "#2"}
			}
		},
		{
			"from": [8, -2, 7],
			"to": [10, 13, 9],
			"rotation": {"angle": 0, "axis": "y", "origin": [1, 13, 0]},
			"faces": {
				"north": {"uv": [0.4, 6.8, 0.8, 9.8], "texture": "#2"},
				"east": {"uv": [0, 6.8, 0.4, 9.8], "texture": "#2"},
				"south": {"uv": [1.2, 6.8, 1.6, 9.8], "texture": "#2"},
				"west": {"uv": [0.8, 6.8, 1.2, 9.8], "texture": "#2"},
				"up": {"uv": [0.8, 6.8, 0.4, 6.4], "texture": "#2"},
				"down": {"uv": [1.2, 6.4, 0.8, 6.8], "texture": "#2"}
			}
		},
		{
			"from": [8, 29, 7],
			"to": [10, 32, 9],
			"rotation": {"angle": 0, "axis": "y", "origin": [1, 32, 0]},
			"faces": {
				"north": {"uv": [0.4, 0.4, 0.8, 1], "texture": "#2"},
				"east": {"uv": [0, 0.4, 0.4, 1], "texture": "#2"},
				"south": {"uv": [1.2, 0.4, 1.6, 1], "texture": "#2"},
				"west": {"uv": [0.8, 0.4, 1.2, 1], "texture": "#2"},
				"up": {"uv": [0.8, 0.4, 0.4, 0], "texture": "#2"},
				"down": {"uv": [1.2, 0, 0.8, 0.4], "texture": "#2"}
			}
		}
	],
	"gui_light": "front",
	"display": {
		"thirdperson_righthand": {
			"rotation": [3.75, -90, 0],
			"translation": [0, 0.75, 0.5],
			"scale": [0.64688, 0.64688, 0.64688]
		},
		"thirdperson_lefthand": {
			"rotation": [3.75, -90, 0],
			"translation": [0, 0.75, 0.5],
			"scale": [0.64688, 0.64688, 0.64688]
		},
		"firstperson_righthand": {
			"rotation": [14.25, -78.25, 0],
			"translation": [0.5, 2, 0],
			"scale": [0.4, 0.4, 0.4]
		},
		"firstperson_lefthand": {
			"rotation": [14.25, -78.25, 0],
			"translation": [0.5, 2, 0],
			"scale": [0.4, 0.4, 0.4]
		},
		"ground": {
			"rotation": [27, 0, 0],
			"translation": [0, 2.75, 0],
			"scale": [0.44, 0.44, 0.44]
		},
		"gui": {
			"rotation": [0, -32.5, -39.5],
			"translation": [-3.25, -2.75, 0],
			"scale": [0.44, 0.44, 0.44]
		},
		"head": {
			"rotation": [0, 0, 90],
			"translation": [13, 14, 0]
		},
		"fixed": {
			"rotation": [0, 180, 0],
			"translation": [0.25, -3, 0],
			"scale": [0.4668, 0.4668, 0.4668]
		}
	}
}