{
	"format_version": "1.21.11",
	"credit": "Made with Blockbench",
	"texture_size": [32, 32],
	"textures": {
		"1": "item/bone"
	},
	"elements": [
		{
			"from": [8, 1, 7],
			"to": [9, 12, 8],
			"rotation": {"angle": 1, "axis": "y", "origin": [12, -1, 11]},
			"faces": {
				"north": {"uv": [2.5, 5, 3, 11], "texture": "#1"},
				"east": {"uv": [5, 2.5, 5.5, 8.5], "texture": "#1"},
				"south": {"uv": [3, 5, 3.5, 11], "texture": "#1"},
				"west": {"uv": [3.5, 5, 4, 11], "texture": "#1"},
				"up": {"uv": [2.5, 8, 2, 7.5], "texture": "#1"},
				"down": {"uv": [2.5, 8, 2, 8.5], "texture": "#1"}
			}
		},
		{
			"from": [9, 14, 5],
			"to": [11, 16, 7],
			"rotation": {"x": 62.24854, "y": 1.82145, "z": 62.39531, "origin": [9, 14, 5]},
			"faces": {
				"north": {"uv": [6.5, 2.5, 7.5, 3.5], "texture": "#1"},
				"east": {"uv": [6.5, 3.5, 7.5, 4.5], "texture": "#1"},
				"south": {"uv": [6.5, 4.5, 7.5, 5.5], "texture": "#1"},
				"west": {"uv": [5.5, 6.5, 6.5, 7.5], "texture": "#1"},
				"up": {"uv": [7.5, 6.5, 6.5, 5.5], "texture": "#1"},
				"down": {"uv": [7.5, 6.5, 6.5, 7.5], "texture": "#1"}
			}
		},
		{
			"from": [6, 14, 5],
			"to": [8, 16, 7],
			"rotation": {"x": 62.24854, "y": 1.82145, "z": 62.39531, "origin": [6, 14, 5]},
			"faces": {
				"north": {"uv": [4, 7, 5, 8], "texture": "#1"},
				"east": {"uv": [1, 7.5, 1, 8.5], "texture": "#1"},
				"south": {"uv": [7.5, 1, 8.5, 1], "texture": "#1"},
				"west": {"uv": [1, 7.5, 2, 8.5], "texture": "#1"},
				"up": {"uv": [8.5, 2, 7.5, 1], "texture": "#1"},
				"down": {"uv": [8.5, 2, 7.5, 3], "texture": "#1"}
			}
		},
		{
			"from": [9, 11, 8],
			"to": [11, 13, 11],
			"rotation": {"x": 62.24854, "y": 1.82145, "z": 62.39531, "origin": [9, 11, 8]},
			"faces": {
				"north": {"uv": [4, 5, 5, 6], "texture": "#1"},
				"east": {"uv": [5.5, 2.5, 6.5, 3.5], "texture": "#1"},
				"south": {"uv": [5.5, 3.5, 6.5, 4.5], "texture": "#1"},
				"west": {"uv": [5.5, 4.5, 6.5, 5.5], "texture": "#1"},
				"up": {"uv": [6.5, 6.5, 5.5, 5.5], "texture": "#1"},
				"down": {"uv": [5, 6, 4, 7], "texture": "#1"}
			}
		},
		{
			"from": [9, 11, 5],
			"to": [11, 13, 7],
			"rotation": {"x": 62.24854, "y": 1.82145, "z": 62.39531, "origin": [9, 11, 5]},
			"faces": {
				"north": {"uv": [7.5, 3, 8.5, 4], "texture": "#1"},
				"east": {"uv": [7.5, 4, 8.5, 5], "texture": "#1"},
				"south": {"uv": [7.5, 5, 8.5, 6], "texture": "#1"},
				"west": {"uv": [5.5, 7.5, 6.5, 8.5], "texture": "#1"},
				"up": {"uv": [8.5, 7, 7.5, 6], "texture": "#1"},
				"down": {"uv": [7.5, 7.5, 6.5, 8.5], "texture": "#1"}
			}
		},
		{
			"from": [6, 11, 5],
			"to": [11, 16, 11],
			"rotation": {"angle": 1, "axis": "y", "origin": [8.5, 13.5, 7.5]},
			"faces": {
				"north": {"uv": [1, 1, 2.5, 2.5], "texture": "#1"},
				"east": {"uv": [1, 2.5, 2.5, 5], "texture": "#1"},
				"south": {"uv": [2.5, 1, 5, 2.5], "texture": "#1"},
				"west": {"uv": [2.5, 2.5, 5, 5], "texture": "#1"},
				"up": {"uv": [2.5, 7.5, 1, 5], "texture": "#1"},
				"down": {"uv": [7.5, 1, 5, 2.5], "texture": "#1"}
			}
		},
		{
			"from": [6, 11, 5],
			"to": [8, 13, 7],
			"rotation": {"x": 62.24854, "y": 1.82145, "z": 62.39531, "origin": [6, 11, 5]},
			"faces": {
				"north": {"uv": [7.5, 7, 8.5, 8], "texture": "#1"},
				"east": {"uv": [4, 8, 5, 9], "texture": "#1"},
				"south": {"uv": [7.5, 8, 8.5, 9], "texture": "#1"},
				"west": {"uv": [1, 8.5, 1, 9.5], "texture": "#1"},
				"up": {"uv": [9.5, 1, 8.5, 1], "texture": "#1"},
				"down": {"uv": [2, 8.5, 1, 9.5], "texture": "#1"}
			}
		},
		{
			"from": [6, 11, 8],
			"to": [8, 13, 11],
			"rotation": {"x": 62.24854, "y": 1.82145, "z": 62.39531, "origin": [6, 11, 8]},
			"faces": {
				"north": {"uv": [8.5, 1, 9.5, 2], "texture": "#1"},
				"east": {"uv": [8.5, 2, 9.5, 3], "texture": "#1"},
				"south": {"uv": [8.5, 3, 9.5, 4], "texture": "#1"},
				"west": {"uv": [8.5, 4, 9.5, 5], "texture": "#1"},
				"up": {"uv": [6, 9.5, 5, 8.5], "texture": "#1"},
				"down": {"uv": [9.5, 5, 8.5, 6], "texture": "#1"}
			}
		},
		{
			"from": [6.5, 14.3, 7.5],
			"to": [8.5, 16.3, 9.5],
			"rotation": {"x": -42.25489, "y": -5.15914, "z": -38.14411, "origin": [7.5, 14.3, 7.5]},
			"faces": {
				"north": {"uv": [6, 8.5, 7, 9.5], "texture": "#1"},
				"east": {"uv": [8.5, 6, 9.5, 7], "texture": "#1"},
				"south": {"uv": [8.5, 7, 9.5, 8], "texture": "#1"},
				"west": {"uv": [8.5, 8, 9.5, 9], "texture": "#1"},
				"up": {"uv": [5, 11, 4, 9], "texture": "#1"},
				"down": {"uv": [8, 9, 7, 11], "texture": "#1"}
			}
		},
		{
			"from": [4.5, 12.9, 7.5],
			"to": [6.5, 14.9, 9.5],
			"rotation": {"x": -43.95537, "y": 15.2112, "z": -56.81293, "origin": [5.5, 12.9, 7.5]},
			"faces": {
				"north": {"uv": [8, 9, 9, 11], "texture": "#1"},
				"east": {"uv": [9, 9, 11, 11], "texture": "#1"},
				"south": {"uv": [1, 9.5, 1, 11.5], "texture": "#1"},
				"west": {"uv": [9.5, 1, 11.5, 1], "texture": "#1"},
				"up": {"uv": [2, 11.5, 1, 9.5], "texture": "#1"},
				"down": {"uv": [11.5, 1, 9.5, 2], "texture": "#1"}
			}
		},
		{
			"from": [8.2, 12.9, 7.5],
			"to": [11.2, 14.9, 9.5],
			"rotation": {"x": -58.23174, "y": -13.35981, "z": -47.52126, "origin": [9.2, 12.9, 7.5]},
			"faces": {
				"north": {"uv": [9.5, 2, 11.5, 3], "texture": "#1"},
				"east": {"uv": [9.5, 3, 11.5, 4], "texture": "#1"},
				"south": {"uv": [9.5, 4, 11.5, 5], "texture": "#1"},
				"west": {"uv": [5, 9.5, 6, 11.5], "texture": "#1"},
				"up": {"uv": [11.5, 6, 9.5, 5], "texture": "#1"},
				"down": {"uv": [7, 9.5, 6, 11.5], "texture": "#1"}
			}
		},
		{
			"from": [7.5, 12.9, 4.5],
			"to": [9.5, 14.9, 6.5],
			"rotation": {"x": 49.14388, "y": 31.75316, "z": 82.92387, "origin": [8.5, 12.9, 4.5]},
			"faces": {
				"north": {"uv": [9.5, 6, 11.5, 7], "texture": "#1"},
				"east": {"uv": [9.5, 7, 11.5, 8], "texture": "#1"},
				"south": {"uv": [9.5, 8, 11.5, 9], "texture": "#1"},
				"west": {"uv": [4, 11, 5, 11], "texture": "#1"},
				"up": {"uv": [8, 11, 7, 11], "texture": "#1"},
				"down": {"uv": [9, 11, 8, 11], "texture": "#1"}
			}
		},
		{
			"from": [7.2, 12.2, 9.5],
			"to": [9.2, 14.2, 11.5],
			"rotation": {"x": -49.58633, "y": -37.51925, "z": -12.41686, "origin": [8.2, 12.2, 9.5]},
			"faces": {
				"north": {"uv": [9, 11, 11, 11], "texture": "#1"},
				"east": {"uv": [11, 9, 11, 11], "texture": "#1"},
				"south": {"uv": [11, 11, 11, 11], "texture": "#1"},
				"west": {"uv": [1, 11.5, 1, 11.5], "texture": "#1"},
				"up": {"uv": [11.5, 1, 11.5, 1], "texture": "#1"},
				"down": {"uv": [2, 11.5, 1, 11.5], "texture": "#1"}
			}
		},
		{
			"from": [9, 14, 8],
			"to": [11, 16, 11],
			"rotation": {"x": 62.24854, "y": 1.82145, "z": 62.39531, "origin": [9, 14, 8]},
			"faces": {
				"north": {"uv": [11.5, 1, 11.5, 2], "texture": "#1"},
				"east": {"uv": [11.5, 2, 11.5, 3], "texture": "#1"},
				"south": {"uv": [11.5, 3, 11.5, 4], "texture": "#1"},
				"west": {"uv": [11.5, 4, 11.5, 5], "texture": "#1"},
				"up": {"uv": [6, 11.5, 5, 11.5], "texture": "#1"},
				"down": {"uv": [11.5, 5, 11.5, 6], "texture": "#1"}
			}
		},
		{
			"from": [6, 14, 8],
			"to": [8, 16, 11],
			"rotation": {"x": 62.24854, "y": 1.82145, "z": 62.39531, "origin": [6, 14, 8]},
			"faces": {
				"north": {"uv": [6, 11.5, 7, 11.5], "texture": "#1"},
				"east": {"uv": [11.5, 6, 11.5, 7], "texture": "#1"},
				"south": {"uv": [11.5, 7, 11.5, 8], "texture": "#1"},
				"west": {"uv": [11.5, 8, 11.5, 9], "texture": "#1"},
				"up": {"uv": [3, 12, 2, 11], "texture": "#1"},
				"down": {"uv": [4, 11, 3, 12], "texture": "#1"}
			}
		}
	],
	"display": {
		"thirdperson_righthand": {
			"translation": [-1.5, 2.25, 1.5]
		},
		"thirdperson_lefthand": {
			"translation": [1.5, 2.5, 2]
		},
		"firstperson_righthand": {
			"translation": [1.25, 2, 1]
		},
		"firstperson_lefthand": {
			"translation": [1.75, 2, 1]
		},
		"ground": {
			"rotation": [61.85, 55.71, -28.77],
			"translation": [1, 1.25, 1],
			"scale": [1, 1.16416, 1]
		},
		"gui": {
			"rotation": [1, 1, -46.75],
			"translation": [1, 1.25, -81]
		},
		"fixed": {
			"rotation": [1, 1, -41.5]
		}
	}
}