{
	"format_version": "1.21.11",
	"credit": "Made with Blockbench",
	"texture_size": [32, 32],
	"textures": {
		"0": "item/tex",
		"particle": "item/tex"
	},
	"elements": [
		{
			"name": "bb_main",
			"from": [3, 6, 6],
			"to": [4, 6.8, 10],
			"rotation": {"angle": 0, "axis": "y", "origin": [9, 6, 9]},
			"faces": {
				"north": {"uv": [8.5, 8, 9, 8.5], "texture": "#0"},
				"east": {"uv": [6, 5.5, 8, 6], "texture": "#0"},
				"south": {"uv": [8.5, 8.5, 9, 9], "texture": "#0"},
				"west": {"uv": [2, 6.5, 4, 7], "texture": "#0"},
				"up": {"uv": [7, 4, 6.5, 2], "texture": "#0"},
				"down": {"uv": [5, 6.5, 4.5, 8.5], "texture": "#0"}
			}
		},
		{
			"name": "bb_main",
			"from": [10, 6, 6],
			"to": [11, 6.8, 10],
			"rotation": {"angle": 0, "axis": "y", "origin": [16, 6, 9]},
			"faces": {
				"north": {"uv": [8.5, 7.5, 9, 8], "texture": "#0"},
				"east": {"uv": [6, 4.5, 8, 5], "texture": "#0"},
				"south": {"uv": [8, 8.5, 8.5, 9], "texture": "#0"},
				"west": {"uv": [6, 5, 8, 5.5], "texture": "#0"},
				"up": {"uv": [1.5, 8.5, 1, 6.5], "texture": "#0"},
				"down": {"uv": [2, 6.5, 1.5, 8.5], "texture": "#0"}
			}
		},
		{
			"name": "bb_main",
			"from": [-1, 6, -1],
			"to": [0, 6.8, 3],
			"rotation": {"x": 0, "y": 90, "z": 0, "origin": [5, 6, -1]},
			"faces": {
				"north": {"uv": [8.5, 7, 9, 7.5], "texture": "#0"},
				"east": {"uv": [6, 4, 8, 4.5], "texture": "#0"},
				"south": {"uv": [7.5, 8.5, 8, 9], "texture": "#0"},
				"west": {"uv": [4.5, 6, 6.5, 6.5], "texture": "#0"},
				"up": {"uv": [0.5, 8.5, 0, 6.5], "texture": "#0"},
				"down": {"uv": [1, 6.5, 0.5, 8.5], "texture": "#0"}
			}
		},
		{
			"name": "bb_main",
			"from": [-1, 6, 6],
			"to": [0, 6.8, 10],
			"rotation": {"x": 0, "y": 90, "z": 0, "origin": [5, 6, 6]},
			"faces": {
				"north": {"uv": [8.5, 6.5, 9, 7], "texture": "#0"},
				"east": {"uv": [6, 1.5, 8, 2], "texture": "#0"},
				"south": {"uv": [7, 8.5, 7.5, 9], "texture": "#0"},
				"west": {"uv": [2, 6, 4, 6.5], "texture": "#0"},
				"up": {"uv": [6.5, 4, 6, 2], "texture": "#0"},
				"down": {"uv": [4.5, 6, 4, 8], "texture": "#0"}
			}
		},
		{
			"name": "bb_main",
			"from": [4, 6, 5],
			"to": [10, 7, 11],
			"rotation": {"angle": 0, "axis": "y", "origin": [7, 6, 8]},
			"faces": {
				"north": {"uv": [3, 4, 6, 4.5], "texture": "#0"},
				"east": {"uv": [3, 4.5, 6, 5], "texture": "#0"},
				"south": {"uv": [5, 0, 8, 0.5], "texture": "#0"},
				"west": {"uv": [5, 0.5, 8, 1], "texture": "#0"},
				"up": {"uv": [3, 3, 0, 0], "texture": "#0"},
				"down": {"uv": [3, 3, 0, 6], "texture": "#0"}
			}
		},
		{
			"name": "bb_main",
			"from": [6, 6, 12],
			"to": [8, 6.5, 13],
			"rotation": {"angle": 0, "axis": "y", "origin": [7, 6, 13]},
			"faces": {
				"north": {"uv": [8, 0.5, 9, 1], "texture": "#0"},
				"east": {"uv": [8.5, 6, 9, 6.5], "texture": "#0"},
				"south": {"uv": [8, 1, 9, 1.5], "texture": "#0"},
				"west": {"uv": [6.5, 8.5, 7, 9], "texture": "#0"},
				"up": {"uv": [9, 2, 8, 1.5], "texture": "#0"},
				"down": {"uv": [3, 8, 2, 8.5], "texture": "#0"}
			}
		},
		{
			"name": "bb_main",
			"from": [6, 6, 3],
			"to": [8, 6.5, 4],
			"rotation": {"angle": 0, "axis": "y", "origin": [7, 6, 4]},
			"faces": {
				"north": {"uv": [6, 7.5, 7, 8], "texture": "#0"},
				"east": {"uv": [8.5, 5.5, 9, 6], "texture": "#0"},
				"south": {"uv": [7.5, 6, 8.5, 6.5], "texture": "#0"},
				"west": {"uv": [6, 8.5, 6.5, 9], "texture": "#0"},
				"up": {"uv": [8, 8, 7, 7.5], "texture": "#0"},
				"down": {"uv": [9, 0, 8, 0.5], "texture": "#0"}
			}
		},
		{
			"name": "bb_main",
			"from": [2, 6, 7],
			"to": [4, 6.5, 8],
			"rotation": {"x": 0, "y": 90, "z": 0, "origin": [3, 5, 8]},
			"faces": {
				"north": {"uv": [7, 7, 8, 7.5], "texture": "#0"},
				"east": {"uv": [8.5, 5, 9, 5.5], "texture": "#0"},
				"south": {"uv": [2, 7.5, 3, 8], "texture": "#0"},
				"west": {"uv": [5.5, 8.5, 6, 9], "texture": "#0"},
				"up": {"uv": [4, 8, 3, 7.5], "texture": "#0"},
				"down": {"uv": [6, 7.5, 5, 8], "texture": "#0"}
			}
		},
		{
			"name": "bb_main",
			"from": [5, 4.5, 7.5],
			"to": [6, 5, 8.5],
			"rotation": {"angle": 0, "axis": "y", "origin": [7, 0, 8]},
			"faces": {
				"north": {"uv": [8.5, 3.5, 9, 4], "texture": "#0"},
				"east": {"uv": [4, 8.5, 4.5, 9], "texture": "#0"},
				"south": {"uv": [8.5, 4, 9, 4.5], "texture": "#0"},
				"west": {"uv": [4.5, 8.5, 5, 9], "texture": "#0"},
				"up": {"uv": [9, 5, 8.5, 4.5], "texture": "#0"},
				"down": {"uv": [5.5, 8.5, 5, 9], "texture": "#0"}
			}
		},
		{
			"name": "bb_main",
			"from": [5, 7, 6],
			"to": [9, 7.5, 10],
			"rotation": {"angle": 0, "axis": "y", "origin": [7, 7, 8]},
			"faces": {
				"north": {"uv": [4, 5, 6, 5.5], "texture": "#0"},
				"east": {"uv": [4, 5.5, 6, 6], "texture": "#0"},
				"south": {"uv": [0, 6, 2, 6.5], "texture": "#0"},
				"west": {"uv": [6, 1, 8, 1.5], "texture": "#0"},
				"up": {"uv": [5, 2, 3, 0], "texture": "#0"},
				"down": {"uv": [5, 2, 3, 4], "texture": "#0"}
			}
		},
		{
			"name": "bb_main",
			"from": [3, 5.5, 7],
			"to": [5, 6, 9],
			"rotation": {"angle": 0, "axis": "y", "origin": [7, 0, 8]},
			"faces": {
				"north": {"uv": [7, 3.5, 8, 4], "texture": "#0"},
				"east": {"uv": [5, 7, 6, 7.5], "texture": "#0"},
				"south": {"uv": [6, 7, 7, 7.5], "texture": "#0"},
				"west": {"uv": [7, 6.5, 8, 7], "texture": "#0"},
				"up": {"uv": [4, 6, 3, 5], "texture": "#0"},
				"down": {"uv": [6, 3, 5, 4], "texture": "#0"}
			}
		},
		{
			"name": "bb_main",
			"from": [9, 5, 7.5],
			"to": [10, 5.5, 8.5],
			"rotation": {"angle": 0, "axis": "y", "origin": [7, 0, 8]},
			"faces": {
				"north": {"uv": [8.5, 2, 9, 2.5], "texture": "#0"},
				"east": {"uv": [2.5, 8.5, 3, 9], "texture": "#0"},
				"south": {"uv": [8.5, 2.5, 9, 3], "texture": "#0"},
				"west": {"uv": [3, 8.5, 3.5, 9], "texture": "#0"},
				"up": {"uv": [9, 3.5, 8.5, 3], "texture": "#0"},
				"down": {"uv": [4, 8.5, 3.5, 9], "texture": "#0"}
			}
		},
		{
			"name": "bb_main",
			"from": [8, 4.5, 7.5],
			"to": [9, 5, 8.5],
			"rotation": {"angle": 0, "axis": "y", "origin": [7, 0, 8]},
			"faces": {
				"north": {"uv": [8, 8, 8.5, 8.5], "texture": "#0"},
				"east": {"uv": [0, 8.5, 0.5, 9], "texture": "#0"},
				"south": {"uv": [0.5, 8.5, 1, 9], "texture": "#0"},
				"west": {"uv": [1, 8.5, 1.5, 9], "texture": "#0"},
				"up": {"uv": [2, 9, 1.5, 8.5], "texture": "#0"},
				"down": {"uv": [2.5, 8.5, 2, 9], "texture": "#0"}
			}
		},
		{
			"name": "bb_main",
			"from": [7, 4.5, 7.5],
			"to": [8, 5, 8.5],
			"rotation": {"angle": 0, "axis": "y", "origin": [7, 0, 8]},
			"faces": {
				"north": {"uv": [6.5, 8, 7, 8.5], "texture": "#0"},
				"east": {"uv": [8, 6.5, 8.5, 7], "texture": "#0"},
				"south": {"uv": [7, 8, 7.5, 8.5], "texture": "#0"},
				"west": {"uv": [8, 7, 8.5, 7.5], "texture": "#0"},
				"up": {"uv": [8, 8.5, 7.5, 8], "texture": "#0"},
				"down": {"uv": [8.5, 7.5, 8, 8], "texture": "#0"}
			}
		},
		{
			"name": "bb_main",
			"from": [10, 6, 7],
			"to": [12, 6.5, 8],
			"rotation": {"x": 0, "y": -90, "z": 0, "origin": [11, 4.5, 8]},
			"faces": {
				"north": {"uv": [7, 2, 8, 2.5], "texture": "#0"},
				"east": {"uv": [8, 5.5, 8.5, 6], "texture": "#0"},
				"south": {"uv": [7, 2.5, 8, 3], "texture": "#0"},
				"west": {"uv": [6, 8, 6.5, 8.5], "texture": "#0"},
				"up": {"uv": [4, 7.5, 3, 7], "texture": "#0"},
				"down": {"uv": [8, 3, 7, 3.5], "texture": "#0"}
			}
		},
		{
			"name": "bb_main",
			"from": [9, 5.5, 7],
			"to": [11, 6, 9],
			"rotation": {"angle": 0, "axis": "y", "origin": [7, 0, 8]},
			"faces": {
				"north": {"uv": [5, 6.5, 6, 7], "texture": "#0"},
				"east": {"uv": [6, 6.5, 7, 7], "texture": "#0"},
				"south": {"uv": [6.5, 6, 7.5, 6.5], "texture": "#0"},
				"west": {"uv": [2, 7, 3, 7.5], "texture": "#0"},
				"up": {"uv": [6, 2, 5, 1], "texture": "#0"},
				"down": {"uv": [6, 2, 5, 3], "texture": "#0"}
			}
		},
		{
			"name": "bb_main",
			"from": [6, 4.5, 7.5],
			"to": [7, 5, 8.5],
			"rotation": {"angle": 0, "axis": "y", "origin": [7, 0, 8]},
			"faces": {
				"north": {"uv": [4, 8, 4.5, 8.5], "texture": "#0"},
				"east": {"uv": [8, 4, 8.5, 4.5], "texture": "#0"},
				"south": {"uv": [8, 4.5, 8.5, 5], "texture": "#0"},
				"west": {"uv": [5, 8, 5.5, 8.5], "texture": "#0"},
				"up": {"uv": [8.5, 5.5, 8, 5], "texture": "#0"},
				"down": {"uv": [6, 8, 5.5, 8.5], "texture": "#0"}
			}
		},
		{
			"name": "bb_main",
			"from": [4, 5, 7.5],
			"to": [5, 5.5, 8.5],
			"rotation": {"angle": 0, "axis": "y", "origin": [7, 0, 8]},
			"faces": {
				"north": {"uv": [8, 2, 8.5, 2.5], "texture": "#0"},
				"east": {"uv": [8, 2.5, 8.5, 3], "texture": "#0"},
				"south": {"uv": [3, 8, 3.5, 8.5], "texture": "#0"},
				"west": {"uv": [8, 3, 8.5, 3.5], "texture": "#0"},
				"up": {"uv": [4, 8.5, 3.5, 8], "texture": "#0"},
				"down": {"uv": [8.5, 3.5, 8, 4], "texture": "#0"}
			}
		}
	],
	"display": {
		"thirdperson_righthand": {
			"rotation": [-0.14, -2.16, -69.63],
			"translation": [5, -0.75, 2]
		},
		"thirdperson_lefthand": {
			"rotation": [3.84, -1.64, -73.99],
			"translation": [5, 1.25, 2]
		},
		"firstperson_righthand": {
			"rotation": [-82.78, 0.16, -0.03],
			"translation": [-0.5, 3, 0.5]
		},
		"firstperson_lefthand": {
			"rotation": [-85.5, -0.07, 1.75],
			"translation": [0, 3, 0]
		},
		"ground": {
			"rotation": [27.46, -1.23, -4.92],
			"translation": [0, 1.5, 0]
		},
		"gui": {
			"rotation": [88.48, 4.27, -13.13],
			"scale": [1.5, 1.5, 1.5]
		},
		"head": {
			"translation": [0, 10.25, 0]
		},
		"fixed": {
			"rotation": [-90, 0, 0],
			"translation": [-0.25, 0, -5.25]
		}
	},
	"groups": [
		0,
		1,
		2,
		3,
		4,
		5,
		6,
		7,
		8,
		9,
		10,
		11,
		12,
		13,
		14,
		15,
		16,
		17,
		{
			"name": "bb_main",
			"origin": [0, 0, 0],
			"color": 0,
			"children": []
		}
	],
	"meta": {
		"format_version": "5.0",
		"model_format": "bedrock_block",
		"box_uv": false
	},
	"name": "model.geo",
	"model_identifier": "unknown",
	"front_gui_light": false,
	"visible_box": [2, 1.5, 0.25],
	"variable_placeholders": "",
	"variable_placeholder_buttons": [],
	"unhandled_root_fields": {},
	"resolution": {
		"width": 32,
		"height": 32
	},
	"outliner": [
		{
			"uuid": "644d438f-a02b-5759-7b05-c5b266f7f303",
			"isOpen": false,
			"children": [
				"d7531982-5105-013b-c82f-8b126324bd79",
				"439eb0d3-1148-e665-450f-2d31175e9b75",
				"9e6307f4-39be-5d5a-939a-c12354508f9c",
				"5ea4102a-b008-592e-20e0-cb544c3f9817",
				"a3c0781d-ac47-0cd1-d941-6b7fa690e648",
				"bd7df21e-5cc7-b61d-c8bb-783dcfdf5aa7",
				"c0e72a99-2c1b-c092-b500-afd4345aa33d",
				"a69971ca-fdfc-8964-2ea6-aaa826814a7d",
				"20132b92-c47c-d47e-ff97-696fb17fdad5",
				"abb39cde-ad7f-f3c2-6af8-1b72c8ff813b",
				"62eecf40-e2b9-55ee-7ac4-a6f8224935c5",
				"06aba4c1-aad0-21d8-a9fe-8a81e7c7172c",
				"296ed124-74c9-cf8a-eb82-03920cb66b28",
				"f36f950b-d335-1abd-0559-762fb36e591e",
				"7c70f8a0-6307-8482-ea8c-8ee50d8f5d42",
				"4b8bb46f-b08d-083b-4329-ecb2cf1de8d9",
				"abc0cc62-9eca-3fab-8798-edfc35255fc2",
				"917592ee-019e-56b7-5aaa-c91c5fc0867e"
			]
		}
	]
}