{
	"format_version": "1.21.11",
	"credit": "Made with Blockbench",
	"textures": {
		"1": "item/oukan1",
		"8": "item/oukan2"
	},
	"elements": [
		{
			"from": [24, 0, 8],
			"to": [27, 3, 9],
			"rotation": {"x": 0, "y": -90, "z": 0, "origin": [20, 4, 2]},
			"faces": {
				"north": {"uv": [0, 0, 3, 3], "texture": "#1"},
				"east": {"uv": [6, 6, 7, 9], "texture": "#1"},
				"south": {"uv": [0, 3, 3, 6], "texture": "#1"},
				"west": {"uv": [7, 6, 8, 9], "texture": "#1"},
				"up": {"uv": [11, 7, 8, 6], "texture": "#1"},
				"down": {"uv": [11, 7, 8, 8], "texture": "#1"}
			}
		},
		{
			"from": [14, 0, 8],
			"to": [17, 3, 9],
			"rotation": {"x": 0, "y": -90, "z": 0, "origin": [10, 4, 2]},
			"faces": {
				"north": {"uv": [3, 0, 6, 3], "texture": "#1"},
				"east": {"uv": [8, 8, 9, 11], "texture": "#1"},
				"south": {"uv": [3, 3, 6, 6], "texture": "#1"},
				"west": {"uv": [0, 9, 1, 12], "texture": "#1"},
				"up": {"uv": [12, 1, 9, 0], "texture": "#1"},
				"down": {"uv": [4, 9, 1, 10], "texture": "#1"}
			}
		},
		{
			"from": [7, 0, 2],
			"to": [10, 3, 3],
			"rotation": {"angle": 0, "axis": "y", "origin": [3, 4, -4]},
			"faces": {
				"north": {"uv": [0, 6, 3, 9], "texture": "#1"},
				"east": {"uv": [9, 1, 10, 4], "texture": "#1"},
				"south": {"uv": [6, 0, 9, 3], "texture": "#1"},
				"west": {"uv": [4, 9, 5, 12], "texture": "#1"},
				"up": {"uv": [12, 5, 9, 4], "texture": "#1"},
				"down": {"uv": [8, 9, 5, 10], "texture": "#1"}
			}
		},
		{
			"from": [7, 0, 12],
			"to": [10, 3, 13],
			"rotation": {"angle": 0, "axis": "y", "origin": [3, 4, 6]},
			"faces": {
				"north": {"uv": [3, 6, 6, 9], "texture": "#1"},
				"east": {"uv": [9, 8, 10, 11], "texture": "#1"},
				"south": {"uv": [6, 3, 9, 6], "texture": "#1"},
				"west": {"uv": [1, 10, 2, 13], "texture": "#1"},
				"up": {"uv": [12, 6, 9, 5], "texture": "#1"},
				"down": {"uv": [13, 1, 10, 2], "texture": "#1"}
			}
		},
		{
			"from": [6, 0, 11],
			"to": [7, 2, 12],
			"rotation": {"angle": 0, "axis": "y", "origin": [6, 0, 10]},
			"faces": {
				"north": {"uv": [2, 10, 3, 12], "texture": "#1"},
				"east": {"uv": [10, 2, 11, 4], "texture": "#1"},
				"south": {"uv": [3, 10, 4, 12], "texture": "#1"},
				"west": {"uv": [5, 10, 6, 12], "texture": "#1"},
				"up": {"uv": [10, 12, 9, 11], "texture": "#1"},
				"down": {"uv": [12, 9, 11, 10], "texture": "#1"}
			}
		},
		{
			"from": [10, 0, 11],
			"to": [11, 2, 12],
			"rotation": {"angle": 0, "axis": "y", "origin": [10, 0, 10]},
			"faces": {
				"north": {"uv": [6, 10, 7, 12], "texture": "#1"},
				"east": {"uv": [7, 10, 8, 12], "texture": "#1"},
				"south": {"uv": [10, 8, 11, 10], "texture": "#1"},
				"west": {"uv": [10, 10, 11, 12], "texture": "#1"},
				"up": {"uv": [12, 11, 11, 10], "texture": "#1"},
				"down": {"uv": [12, 11, 11, 12], "texture": "#1"}
			}
		},
		{
			"from": [8, 3, 12],
			"to": [9, 4, 13],
			"rotation": {"angle": 0, "axis": "y", "origin": [8, 2, 11]},
			"faces": {
				"north": {"uv": [11, 2, 12, 3], "texture": "#1"},
				"east": {"uv": [11, 3, 12, 4], "texture": "#1"},
				"south": {"uv": [11, 6, 12, 7], "texture": "#1"},
				"west": {"uv": [11, 7, 12, 8], "texture": "#1"},
				"up": {"uv": [9, 12, 8, 11], "texture": "#1"},
				"down": {"uv": [12, 8, 11, 9], "texture": "#1"}
			}
		},
		{
			"from": [5, 0, 10],
			"to": [6, 3, 11],
			"rotation": {"angle": 0, "axis": "y", "origin": [5, 0, 9]},
			"faces": {
				"north": {"uv": [3.5, 4, 4, 5.5], "texture": "#8"},
				"east": {"uv": [4, 4, 4.5, 5.5], "texture": "#8"},
				"south": {"uv": [4.5, 4, 5, 5.5], "texture": "#8"},
				"west": {"uv": [5, 2, 5.5, 3.5], "texture": "#8"},
				"up": {"uv": [6, 8.5, 5.5, 8], "texture": "#8"},
				"down": {"uv": [8.5, 5.5, 8, 6], "texture": "#8"}
			}
		},
		{
			"from": [4, 0, 9],
			"to": [5, 2, 10],
			"rotation": {"angle": 0, "axis": "y", "origin": [4, 0, 8]},
			"faces": {
				"north": {"uv": [0, 7, 0.5, 8], "texture": "#8"},
				"east": {"uv": [7, 0, 7.5, 1], "texture": "#8"},
				"south": {"uv": [0.5, 7, 1, 8], "texture": "#8"},
				"west": {"uv": [1, 7, 1.5, 8], "texture": "#8"},
				"up": {"uv": [4, 8.5, 3.5, 8], "texture": "#8"},
				"down": {"uv": [8.5, 3.5, 8, 4], "texture": "#8"}
			}
		},
		{
			"from": [3, 3, 7],
			"to": [4, 4, 8],
			"rotation": {"angle": 0, "axis": "y", "origin": [3, 3, 6]},
			"faces": {
				"north": {"uv": [6, 8, 6.5, 8.5], "texture": "#8"},
				"east": {"uv": [8, 6, 8.5, 6.5], "texture": "#8"},
				"south": {"uv": [6.5, 8, 7, 8.5], "texture": "#8"},
				"west": {"uv": [8, 6.5, 8.5, 7], "texture": "#8"},
				"up": {"uv": [7.5, 8.5, 7, 8], "texture": "#8"},
				"down": {"uv": [8.5, 7, 8, 7.5], "texture": "#8"}
			}
		},
		{
			"from": [12, 0, 9],
			"to": [13, 2, 10],
			"rotation": {"angle": 0, "axis": "y", "origin": [12, 0, 8]},
			"faces": {
				"north": {"uv": [7, 1, 7.5, 2], "texture": "#8"},
				"east": {"uv": [1.5, 7, 2, 8], "texture": "#8"},
				"south": {"uv": [2, 7, 2.5, 8], "texture": "#8"},
				"west": {"uv": [2.5, 7, 3, 8], "texture": "#8"},
				"up": {"uv": [8, 8.5, 7.5, 8], "texture": "#8"},
				"down": {"uv": [8.5, 7.5, 8, 8], "texture": "#8"}
			}
		},
		{
			"from": [11, 0, 10],
			"to": [12, 3, 11],
			"rotation": {"angle": 0, "axis": "y", "origin": [11, 0, 9]},
			"faces": {
				"north": {"uv": [5, 3.5, 5.5, 5], "texture": "#8"},
				"east": {"uv": [5, 5, 5.5, 6.5], "texture": "#8"},
				"south": {"uv": [5.5, 2, 6, 3.5], "texture": "#8"},
				"west": {"uv": [3.5, 5.5, 4, 7], "texture": "#8"},
				"up": {"uv": [8.5, 8.5, 8, 8], "texture": "#8"},
				"down": {"uv": [9, 0, 8.5, 0.5], "texture": "#8"}
			}
		},
		{
			"from": [5, 1, 4],
			"to": [6, 3, 5],
			"rotation": {"angle": 0, "axis": "y", "origin": [5, 1, 3]},
			"faces": {
				"north": {"uv": [3, 7, 3.5, 8], "texture": "#8"},
				"east": {"uv": [3.5, 7, 4, 8], "texture": "#8"},
				"south": {"uv": [4, 7, 4.5, 8], "texture": "#8"},
				"west": {"uv": [4.5, 7, 5, 8], "texture": "#8"},
				"up": {"uv": [9, 1, 8.5, 0.5], "texture": "#8"},
				"down": {"uv": [9, 1, 8.5, 1.5], "texture": "#8"}
			}
		},
		{
			"from": [5, 0, 4],
			"to": [6, 1, 5],
			"rotation": {"angle": 0, "axis": "y", "origin": [5, 0, 3]},
			"faces": {
				"north": {"uv": [8.5, 1.5, 9, 2], "texture": "#8"},
				"east": {"uv": [8.5, 2, 9, 2.5], "texture": "#8"},
				"south": {"uv": [2.5, 8.5, 3, 9], "texture": "#8"},
				"west": {"uv": [8.5, 2.5, 9, 3], "texture": "#8"},
				"up": {"uv": [3.5, 9, 3, 8.5], "texture": "#8"},
				"down": {"uv": [4, 8.5, 3.5, 9], "texture": "#8"}
			}
		},
		{
			"from": [6, 0, 3],
			"to": [7, 2, 4],
			"rotation": {"angle": 0, "axis": "y", "origin": [6, 0, 2]},
			"faces": {
				"north": {"uv": [6, 7, 6.5, 8], "texture": "#8"},
				"east": {"uv": [6.5, 7, 7, 8], "texture": "#8"},
				"south": {"uv": [7, 7, 7.5, 8], "texture": "#8"},
				"west": {"uv": [7.5, 0, 8, 1], "texture": "#8"},
				"up": {"uv": [9, 4, 8.5, 3.5], "texture": "#8"},
				"down": {"uv": [4.5, 8.5, 4, 9], "texture": "#8"}
			}
		},
		{
			"from": [4, 0, 5],
			"to": [5, 2, 6],
			"rotation": {"angle": 0, "axis": "y", "origin": [4, 0, 4]},
			"faces": {
				"north": {"uv": [7.5, 1, 8, 2], "texture": "#8"},
				"east": {"uv": [7.5, 2, 8, 3], "texture": "#8"},
				"south": {"uv": [7.5, 3, 8, 4], "texture": "#8"},
				"west": {"uv": [7.5, 7, 8, 8], "texture": "#8"},
				"up": {"uv": [9, 4.5, 8.5, 4], "texture": "#8"},
				"down": {"uv": [5, 8.5, 4.5, 9], "texture": "#8"}
			}
		},
		{
			"from": [10, 0, 3],
			"to": [11, 2, 4],
			"rotation": {"angle": 0, "axis": "y", "origin": [10, 0, 2]},
			"faces": {
				"north": {"uv": [0, 8, 0.5, 9], "texture": "#8"},
				"east": {"uv": [8, 0, 8.5, 1], "texture": "#8"},
				"south": {"uv": [0.5, 8, 1, 9], "texture": "#8"},
				"west": {"uv": [1, 8, 1.5, 9], "texture": "#8"},
				"up": {"uv": [9, 5, 8.5, 4.5], "texture": "#8"},
				"down": {"uv": [5.5, 8.5, 5, 9], "texture": "#8"}
			}
		},
		{
			"from": [8, 3, 2],
			"to": [9, 4, 3],
			"rotation": {"angle": 0, "axis": "y", "origin": [8, 3, 1]},
			"faces": {
				"north": {"uv": [8.5, 5, 9, 5.5], "texture": "#8"},
				"east": {"uv": [5.5, 8.5, 6, 9], "texture": "#8"},
				"south": {"uv": [8.5, 5.5, 9, 6], "texture": "#8"},
				"west": {"uv": [6, 8.5, 6.5, 9], "texture": "#8"},
				"up": {"uv": [9, 6.5, 8.5, 6], "texture": "#8"},
				"down": {"uv": [7, 8.5, 6.5, 9], "texture": "#8"}
			}
		},
		{
			"from": [11, 0, 4],
			"to": [12, 3, 5],
			"rotation": {"angle": 0, "axis": "y", "origin": [11, 0, 3]},
			"faces": {
				"north": {"uv": [5.5, 3.5, 6, 5], "texture": "#8"},
				"east": {"uv": [4, 5.5, 4.5, 7], "texture": "#8"},
				"south": {"uv": [4.5, 5.5, 5, 7], "texture": "#8"},
				"west": {"uv": [5.5, 5, 6, 6.5], "texture": "#8"},
				"up": {"uv": [9, 7, 8.5, 6.5], "texture": "#8"},
				"down": {"uv": [7.5, 8.5, 7, 9], "texture": "#8"}
			}
		},
		{
			"from": [11, 0, 4],
			"to": [12, 1, 5],
			"rotation": {"angle": 0, "axis": "y", "origin": [11, 0, 3]},
			"faces": {
				"north": {"uv": [8.5, 7, 9, 7.5], "texture": "#8"},
				"east": {"uv": [7.5, 8.5, 8, 9], "texture": "#8"},
				"south": {"uv": [8.5, 7.5, 9, 8], "texture": "#8"},
				"west": {"uv": [8, 8.5, 8.5, 9], "texture": "#8"},
				"up": {"uv": [9, 8.5, 8.5, 8], "texture": "#8"},
				"down": {"uv": [9, 8.5, 8.5, 9], "texture": "#8"}
			}
		},
		{
			"from": [12, 0, 5],
			"to": [13, 2, 6],
			"rotation": {"angle": 0, "axis": "y", "origin": [12, 0, 4]},
			"faces": {
				"north": {"uv": [8, 1, 8.5, 2], "texture": "#8"},
				"east": {"uv": [1.5, 8, 2, 9], "texture": "#8"},
				"south": {"uv": [2, 8, 2.5, 9], "texture": "#8"},
				"west": {"uv": [8, 2, 8.5, 3], "texture": "#8"},
				"up": {"uv": [2, 9.5, 1.5, 9], "texture": "#8"},
				"down": {"uv": [9.5, 1.5, 9, 2], "texture": "#8"}
			}
		},
		{
			"from": [13, 3, 7],
			"to": [14, 4, 8],
			"rotation": {"angle": 0, "axis": "y", "origin": [13, 3, 6]},
			"faces": {
				"north": {"uv": [0, 9, 0.5, 9.5], "texture": "#8"},
				"east": {"uv": [9, 0, 9.5, 0.5], "texture": "#8"},
				"south": {"uv": [0.5, 9, 1, 9.5], "texture": "#8"},
				"west": {"uv": [9, 0.5, 9.5, 1], "texture": "#8"},
				"up": {"uv": [1.5, 9.5, 1, 9], "texture": "#8"},
				"down": {"uv": [9.5, 1, 9, 1.5], "texture": "#8"}
			}
		},
		{
			"from": [5, 0, 4],
			"to": [12, 1, 11],
			"rotation": {"angle": 0, "axis": "y", "origin": [7, 0, 6]},
			"faces": {
				"north": {"uv": [3.5, 0, 7, 0.5], "texture": "#8"},
				"east": {"uv": [3.5, 0.5, 7, 1], "texture": "#8"},
				"south": {"uv": [3.5, 1, 7, 1.5], "texture": "#8"},
				"west": {"uv": [3.5, 1.5, 7, 2], "texture": "#8"},
				"up": {"uv": [3.5, 3.5, 0, 0], "texture": "#8"},
				"down": {"uv": [3.5, 3.5, 0, 7], "texture": "#8"}
			}
		},
		{
			"from": [7, 0, 2],
			"to": [10, 1, 4],
			"rotation": {"angle": 0, "axis": "y", "origin": [7, 0, 2]},
			"faces": {
				"north": {"uv": [6, 2, 7.5, 2.5], "texture": "#8"},
				"east": {"uv": [2.5, 8, 3.5, 8.5], "texture": "#8"},
				"south": {"uv": [6, 2.5, 7.5, 3], "texture": "#8"},
				"west": {"uv": [8, 3, 9, 3.5], "texture": "#8"},
				"up": {"uv": [5, 3, 3.5, 2], "texture": "#8"},
				"down": {"uv": [5, 3, 3.5, 4], "texture": "#8"}
			}
		},
		{
			"from": [4, 0, 6],
			"to": [5, 1, 9],
			"rotation": {"angle": 0, "axis": "y", "origin": [4, 0, 6]},
			"faces": {
				"north": {"uv": [2, 9, 2.5, 9.5], "texture": "#8"},
				"east": {"uv": [6, 3, 7.5, 3.5], "texture": "#8"},
				"south": {"uv": [9, 2, 9.5, 2.5], "texture": "#8"},
				"west": {"uv": [6, 3.5, 7.5, 4], "texture": "#8"},
				"up": {"uv": [6.5, 5.5, 6, 4], "texture": "#8"},
				"down": {"uv": [6.5, 5.5, 6, 7], "texture": "#8"}
			}
		},
		{
			"from": [7, 0, 11],
			"to": [10, 1, 12],
			"rotation": {"angle": 0, "axis": "y", "origin": [7, 0, 10]},
			"faces": {
				"north": {"uv": [6.5, 4, 8, 4.5], "texture": "#8"},
				"east": {"uv": [2.5, 9, 3, 9.5], "texture": "#8"},
				"south": {"uv": [6.5, 4.5, 8, 5], "texture": "#8"},
				"west": {"uv": [9, 2.5, 9.5, 3], "texture": "#8"},
				"up": {"uv": [8, 5.5, 6.5, 5], "texture": "#8"},
				"down": {"uv": [8, 5.5, 6.5, 6], "texture": "#8"}
			}
		},
		{
			"from": [12, 0, 6],
			"to": [13, 1, 9],
			"rotation": {"angle": 0, "axis": "y", "origin": [12, 0, 6]},
			"faces": {
				"north": {"uv": [3, 9, 3.5, 9.5], "texture": "#8"},
				"east": {"uv": [6.5, 6, 8, 6.5], "texture": "#8"},
				"south": {"uv": [9, 3, 9.5, 3.5], "texture": "#8"},
				"west": {"uv": [6.5, 6.5, 8, 7], "texture": "#8"},
				"up": {"uv": [5.5, 8, 5, 6.5], "texture": "#8"},
				"down": {"uv": [6, 6.5, 5.5, 8], "texture": "#8"}
			}
		}
	],
	"display": {
		"thirdperson_righthand": {
			"rotation": [0.04, -0.92, 0.32],
			"translation": [1, 8.5, 0]
		},
		"thirdperson_lefthand": {
			"translation": [0, 8.5, 0]
		},
		"firstperson_righthand": {
			"translation": [0, 9, -0.25]
		},
		"firstperson_lefthand": {
			"rotation": [4.28, 1.17, 9.58],
			"translation": [-0.75, 9.5, 0.75]
		},
		"ground": {
			"translation": [0, 5, 0]
		},
		"gui": {
			"rotation": [37.7, 15.97, -13.86],
			"translation": [1.25, 4.75, 0],
			"scale": [0.99219, 1.13477, 1.26367]
		},
		"head": {
			"translation": [0, 15, 0]
		},
		"fixed": {
			"rotation": [2.5, 0, 0],
			"translation": [0, 5.5, -7.75]
		}
	}
}