{
	"format_version": "1.21.11",
	"credit": "Made with Blockbench",
	"texture_size": [32, 32],
	"textures": {
		"2": "item/ikari"
	},
	"elements": [
		{
			"from": [7, -1, 2],
			"to": [10, 2, 3],
			"rotation": {"angle": 0, "axis": "y", "origin": [7, -1, 2]},
			"faces": {
				"north": {"uv": [5.5, 3, 7, 4.5], "texture": "#2"},
				"east": {"uv": [7.5, 8.5, 8, 10], "texture": "#2"},
				"south": {"uv": [5.5, 4.5, 7, 6], "texture": "#2"},
				"west": {"uv": [8, 8.5, 8.5, 10], "texture": "#2"},
				"up": {"uv": [10, 7, 8.5, 6.5], "texture": "#2"},
				"down": {"uv": [10, 7, 8.5, 7.5], "texture": "#2"}
			}
		},
		{
			"from": [7, -1, 2],
			"to": [8, 2, 5],
			"rotation": {"angle": 0, "axis": "y", "origin": [5, -1, 2]},
			"faces": {
				"north": {"uv": [8.5, 5, 9, 6.5], "texture": "#2"},
				"east": {"uv": [4.5, 1.5, 6, 3], "texture": "#2"},
				"south": {"uv": [6, 8.5, 6.5, 10], "texture": "#2"},
				"west": {"uv": [4, 4.5, 5.5, 6], "texture": "#2"},
				"up": {"uv": [7, 10, 6.5, 8.5], "texture": "#2"},
				"down": {"uv": [7.5, 8.5, 7, 10], "texture": "#2"}
			}
		},
		{
			"from": [9, -1, 2],
			"to": [10, 2, 5],
			"rotation": {"angle": 0, "axis": "y", "origin": [7, -1, 2]},
			"faces": {
				"north": {"uv": [8.5, 8.5, 9, 10], "texture": "#2"},
				"east": {"uv": [6, 0, 7.5, 1.5], "texture": "#2"},
				"south": {"uv": [0, 9, 0.5, 10.5], "texture": "#2"},
				"west": {"uv": [6, 1.5, 7.5, 3], "texture": "#2"},
				"up": {"uv": [1, 10.5, 0.5, 9], "texture": "#2"},
				"down": {"uv": [1.5, 9, 1, 10.5], "texture": "#2"}
			}
		},
		{
			"from": [8, 0, 14],
			"to": [9, 1, 15],
			"rotation": {"angle": 0, "axis": "y", "origin": [8, -1, 14]},
			"faces": {
				"north": {"uv": [6, 11, 6.5, 11.5], "texture": "#2"},
				"east": {"uv": [6.5, 11, 7, 11.5], "texture": "#2"},
				"south": {"uv": [7, 11, 7.5, 11.5], "texture": "#2"},
				"west": {"uv": [11, 7, 11.5, 7.5], "texture": "#2"},
				"up": {"uv": [8, 11.5, 7.5, 11], "texture": "#2"},
				"down": {"uv": [11.5, 7.5, 11, 8], "texture": "#2"}
			}
		},
		{
			"from": [7, 0, 14],
			"to": [8, 1, 15.4],
			"rotation": {"angle": 45, "axis": "y", "origin": [7, -1, 14]},
			"faces": {
				"north": {"uv": [8, 11, 8.5, 11.5], "texture": "#2"},
				"east": {"uv": [11, 8, 11.5, 8.5], "texture": "#2"},
				"south": {"uv": [8.5, 11, 9, 11.5], "texture": "#2"},
				"west": {"uv": [11, 8.5, 11.5, 9], "texture": "#2"},
				"up": {"uv": [11.5, 9.5, 11, 9], "texture": "#2"},
				"down": {"uv": [11.5, 9.5, 11, 10], "texture": "#2"}
			}
		},
		{
			"from": [9, 0, 15],
			"to": [10, 1, 16.4],
			"rotation": {"x": 180, "y": 45, "z": 180, "origin": [9, -1, 15]},
			"faces": {
				"north": {"uv": [10, 11, 10.5, 11.5], "texture": "#2"},
				"east": {"uv": [11, 10, 11.5, 10.5], "texture": "#2"},
				"south": {"uv": [10.5, 11, 11, 11.5], "texture": "#2"},
				"west": {"uv": [11, 10.5, 11.5, 11], "texture": "#2"},
				"up": {"uv": [11.5, 11.5, 11, 11], "texture": "#2"},
				"down": {"uv": [0.5, 11.5, 0, 12], "texture": "#2"}
			}
		},
		{
			"from": [8, -1, 13],
			"to": [9, 0.4, 14],
			"rotation": {"angle": 45, "axis": "x", "origin": [8, -1, 14]},
			"faces": {
				"north": {"uv": [4, 11, 4.5, 11.5], "texture": "#2"},
				"east": {"uv": [4.5, 11, 5, 11.5], "texture": "#2"},
				"south": {"uv": [5, 11, 5.5, 11.5], "texture": "#2"},
				"west": {"uv": [11, 5, 11.5, 5.5], "texture": "#2"},
				"up": {"uv": [6, 11.5, 5.5, 11], "texture": "#2"},
				"down": {"uv": [11.5, 5.5, 11, 6], "texture": "#2"}
			}
		},
		{
			"from": [7, -1, 11],
			"to": [10, 2, 14],
			"rotation": {"angle": 0, "axis": "y", "origin": [5, -1, 12]},
			"faces": {
				"north": {"uv": [4, 6, 5.5, 7.5], "texture": "#2"},
				"east": {"uv": [5.5, 6, 7, 7.5], "texture": "#2"},
				"south": {"uv": [7, 3, 8.5, 4.5], "texture": "#2"},
				"west": {"uv": [7, 4.5, 8.5, 6], "texture": "#2"},
				"up": {"uv": [8.5, 7.5, 7, 6], "texture": "#2"},
				"down": {"uv": [1.5, 7.5, 0, 9], "texture": "#2"}
			}
		},
		{
			"from": [7, -1, 4],
			"to": [10, 2, 5],
			"rotation": {"angle": 0, "axis": "y", "origin": [7, -1, 4]},
			"faces": {
				"north": {"uv": [4, 3, 5.5, 4.5], "texture": "#2"},
				"east": {"uv": [3.5, 8.5, 4, 10], "texture": "#2"},
				"south": {"uv": [4.5, 0, 6, 1.5], "texture": "#2"},
				"west": {"uv": [4, 8.5, 4.5, 10], "texture": "#2"},
				"up": {"uv": [6, 9, 4.5, 8.5], "texture": "#2"},
				"down": {"uv": [10, 4.5, 8.5, 5], "texture": "#2"}
			}
		},
		{
			"from": [9.5, -1.5, 13],
			"to": [10.5, 0, 14],
			"rotation": {"x": 90, "y": -45, "z": 89.99999, "origin": [9, 0, 14]},
			"faces": {
				"north": {"uv": [9, 2, 9.5, 3], "texture": "#2"},
				"east": {"uv": [3, 9, 3.5, 10], "texture": "#2"},
				"south": {"uv": [9, 3, 9.5, 4], "texture": "#2"},
				"west": {"uv": [4.5, 9, 5, 10], "texture": "#2"},
				"up": {"uv": [3.5, 11.5, 3, 11], "texture": "#2"},
				"down": {"uv": [4, 11, 3.5, 11.5], "texture": "#2"}
			}
		},
		{
			"from": [8, -1, 5],
			"to": [9, 2, 14],
			"rotation": {"angle": 0, "axis": "y", "origin": [8, 0, 5]},
			"faces": {
				"north": {"uv": [8.5, 1.5, 9, 3], "texture": "#2"},
				"east": {"uv": [0, 0, 4.5, 1.5], "texture": "#2"},
				"south": {"uv": [8.5, 3, 9, 4.5], "texture": "#2"},
				"west": {"uv": [0, 1.5, 4.5, 3], "texture": "#2"},
				"up": {"uv": [3.5, 7.5, 3, 3], "texture": "#2"},
				"down": {"uv": [4, 3, 3.5, 7.5], "texture": "#2"}
			}
		},
		{
			"from": [7, 0, 5],
			"to": [10, 1, 14],
			"rotation": {"angle": 0, "axis": "y", "origin": [8, -1, 5]},
			"faces": {
				"north": {"uv": [1.5, 9, 3, 9.5], "texture": "#2"},
				"east": {"uv": [7.5, 0, 12, 0.5], "texture": "#2"},
				"south": {"uv": [9, 1.5, 10.5, 2], "texture": "#2"},
				"west": {"uv": [7.5, 0.5, 12, 1], "texture": "#2"},
				"up": {"uv": [1.5, 7.5, 0, 3], "texture": "#2"},
				"down": {"uv": [3, 3, 1.5, 7.5], "texture": "#2"}
			}
		},
		{
			"from": [11, -1, 11],
			"to": [12, 1, 12],
			"rotation": {"angle": 0, "axis": "y", "origin": [11, -1, 10]},
			"faces": {
				"north": {"uv": [5, 9, 5.5, 10], "texture": "#2"},
				"east": {"uv": [9, 5, 9.5, 6], "texture": "#2"},
				"south": {"uv": [5.5, 9, 6, 10], "texture": "#2"},
				"west": {"uv": [9, 8.5, 9.5, 9.5], "texture": "#2"},
				"up": {"uv": [1, 12, 0.5, 11.5], "texture": "#2"},
				"down": {"uv": [1.5, 11.5, 1, 12], "texture": "#2"}
			}
		},
		{
			"from": [12, -1, 10],
			"to": [13, 1, 11],
			"rotation": {"angle": 0, "axis": "y", "origin": [12, -1, 9]},
			"faces": {
				"north": {"uv": [1.5, 9.5, 2, 10.5], "texture": "#2"},
				"east": {"uv": [2, 9.5, 2.5, 10.5], "texture": "#2"},
				"south": {"uv": [9.5, 2, 10, 3], "texture": "#2"},
				"west": {"uv": [2.5, 9.5, 3, 10.5], "texture": "#2"},
				"up": {"uv": [12, 1.5, 11.5, 1], "texture": "#2"},
				"down": {"uv": [2, 11.5, 1.5, 12], "texture": "#2"}
			}
		},
		{
			"from": [13, -1, 9],
			"to": [14, 1, 10],
			"rotation": {"angle": 0, "axis": "y", "origin": [13, -1, 8]},
			"faces": {
				"north": {"uv": [9.5, 3, 10, 4], "texture": "#2"},
				"east": {"uv": [9.5, 5, 10, 6], "texture": "#2"},
				"south": {"uv": [9.5, 7.5, 10, 8.5], "texture": "#2"},
				"west": {"uv": [9.5, 8.5, 10, 9.5], "texture": "#2"},
				"up": {"uv": [12, 2, 11.5, 1.5], "texture": "#2"},
				"down": {"uv": [2.5, 11.5, 2, 12], "texture": "#2"}
			}
		},
		{
			"from": [13.5, -1, 8],
			"to": [14.5, 1, 9],
			"rotation": {"angle": 0, "axis": "y", "origin": [13, -1, 7]},
			"faces": {
				"north": {"uv": [9, 9.5, 9.5, 10.5], "texture": "#2"},
				"east": {"uv": [9.5, 9.5, 10, 10.5], "texture": "#2"},
				"south": {"uv": [10, 2, 10.5, 3], "texture": "#2"},
				"west": {"uv": [3, 10, 3.5, 11], "texture": "#2"},
				"up": {"uv": [12, 2.5, 11.5, 2], "texture": "#2"},
				"down": {"uv": [3, 11.5, 2.5, 12], "texture": "#2"}
			}
		},
		{
			"from": [5, -1, 11],
			"to": [6, 1, 12],
			"rotation": {"angle": 0, "axis": "y", "origin": [4, -1, 10]},
			"faces": {
				"north": {"uv": [10, 3, 10.5, 4], "texture": "#2"},
				"east": {"uv": [3.5, 10, 4, 11], "texture": "#2"},
				"south": {"uv": [4, 10, 4.5, 11], "texture": "#2"},
				"west": {"uv": [10, 4, 10.5, 5], "texture": "#2"},
				"up": {"uv": [12, 3, 11.5, 2.5], "texture": "#2"},
				"down": {"uv": [3.5, 11.5, 3, 12], "texture": "#2"}
			}
		},
		{
			"from": [4, -1, 10],
			"to": [5, 1, 11],
			"rotation": {"angle": 0, "axis": "y", "origin": [3, -1, 9]},
			"faces": {
				"north": {"uv": [4.5, 10, 5, 11], "texture": "#2"},
				"east": {"uv": [5, 10, 5.5, 11], "texture": "#2"},
				"south": {"uv": [10, 5, 10.5, 6], "texture": "#2"},
				"west": {"uv": [5.5, 10, 6, 11], "texture": "#2"},
				"up": {"uv": [12, 3.5, 11.5, 3], "texture": "#2"},
				"down": {"uv": [4, 11.5, 3.5, 12], "texture": "#2"}
			}
		},
		{
			"from": [2.5, -1, 6],
			"to": [3.5, 1, 7],
			"rotation": {"angle": 0, "axis": "y", "origin": [1, -1, 5]},
			"faces": {
				"north": {"uv": [6, 10, 6.5, 11], "texture": "#2"},
				"east": {"uv": [10, 6, 10.5, 7], "texture": "#2"},
				"south": {"uv": [6.5, 10, 7, 11], "texture": "#2"},
				"west": {"uv": [7, 10, 7.5, 11], "texture": "#2"},
				"up": {"uv": [12, 4, 11.5, 3.5], "texture": "#2"},
				"down": {"uv": [4.5, 11.5, 4, 12], "texture": "#2"}
			}
		},
		{
			"from": [3, -1, 9],
			"to": [4, 1, 10],
			"rotation": {"angle": 0, "axis": "y", "origin": [2, -1, 8]},
			"faces": {
				"north": {"uv": [10, 7, 10.5, 8], "texture": "#2"},
				"east": {"uv": [7.5, 10, 8, 11], "texture": "#2"},
				"south": {"uv": [8, 10, 8.5, 11], "texture": "#2"},
				"west": {"uv": [10, 8, 10.5, 9], "texture": "#2"},
				"up": {"uv": [12, 4.5, 11.5, 4], "texture": "#2"},
				"down": {"uv": [5, 11.5, 4.5, 12], "texture": "#2"}
			}
		},
		{
			"from": [2.5, -1, 8],
			"to": [3.5, 1, 9],
			"rotation": {"angle": 0, "axis": "y", "origin": [2, -1, 7]},
			"faces": {
				"north": {"uv": [8.5, 10, 9, 11], "texture": "#2"},
				"east": {"uv": [10, 9, 10.5, 10], "texture": "#2"},
				"south": {"uv": [10, 10, 10.5, 11], "texture": "#2"},
				"west": {"uv": [0, 10.5, 0.5, 11.5], "texture": "#2"},
				"up": {"uv": [12, 5, 11.5, 4.5], "texture": "#2"},
				"down": {"uv": [5.5, 11.5, 5, 12], "texture": "#2"}
			}
		},
		{
			"from": [13.5, -1, 6],
			"to": [14.5, 1, 7],
			"rotation": {"angle": 0, "axis": "y", "origin": [13, -1, 6]},
			"faces": {
				"north": {"uv": [0.5, 10.5, 1, 11.5], "texture": "#2"},
				"east": {"uv": [1, 10.5, 1.5, 11.5], "texture": "#2"},
				"south": {"uv": [10.5, 1, 11, 2], "texture": "#2"},
				"west": {"uv": [1.5, 10.5, 2, 11.5], "texture": "#2"},
				"up": {"uv": [12, 5.5, 11.5, 5], "texture": "#2"},
				"down": {"uv": [6, 11.5, 5.5, 12], "texture": "#2"}
			}
		},
		{
			"from": [13, -1, 7],
			"to": [15, 1, 8],
			"rotation": {"angle": 0, "axis": "y", "origin": [13, -1, 7]},
			"faces": {
				"north": {"uv": [7.5, 1, 8.5, 2], "texture": "#2"},
				"east": {"uv": [2, 10.5, 2.5, 11.5], "texture": "#2"},
				"south": {"uv": [1.5, 7.5, 2.5, 8.5], "texture": "#2"},
				"west": {"uv": [10.5, 2, 11, 3], "texture": "#2"},
				"up": {"uv": [10, 4.5, 9, 4], "texture": "#2"},
				"down": {"uv": [10, 6, 9, 6.5], "texture": "#2"}
			}
		},
		{
			"from": [2, -0.5, 6],
			"to": [4, 0.5, 7],
			"rotation": {"angle": 0, "axis": "y", "origin": [2, -1, 6]},
			"faces": {
				"north": {"uv": [10.5, 3, 11.5, 3.5], "texture": "#2"},
				"east": {"uv": [11.5, 5.5, 12, 6], "texture": "#2"},
				"south": {"uv": [10.5, 3.5, 11.5, 4], "texture": "#2"},
				"west": {"uv": [6, 11.5, 6.5, 12], "texture": "#2"},
				"up": {"uv": [11.5, 4.5, 10.5, 4], "texture": "#2"},
				"down": {"uv": [11.5, 4.5, 10.5, 5], "texture": "#2"}
			}
		},
		{
			"from": [2.5, -0.5, 5],
			"to": [3.5, 0.5, 6],
			"rotation": {"angle": 0, "axis": "y", "origin": [2, -1, 5]},
			"faces": {
				"north": {"uv": [11.5, 6, 12, 6.5], "texture": "#2"},
				"east": {"uv": [6.5, 11.5, 7, 12], "texture": "#2"},
				"south": {"uv": [11.5, 6.5, 12, 7], "texture": "#2"},
				"west": {"uv": [7, 11.5, 7.5, 12], "texture": "#2"},
				"up": {"uv": [12, 7.5, 11.5, 7], "texture": "#2"},
				"down": {"uv": [8, 11.5, 7.5, 12], "texture": "#2"}
			}
		},
		{
			"from": [2, -1, 7],
			"to": [4, 1, 8],
			"rotation": {"angle": 0, "axis": "y", "origin": [1, -1, 7]},
			"faces": {
				"north": {"uv": [7.5, 2, 8.5, 3], "texture": "#2"},
				"east": {"uv": [2.5, 10.5, 3, 11.5], "texture": "#2"},
				"south": {"uv": [2.5, 7.5, 3.5, 8.5], "texture": "#2"},
				"west": {"uv": [10.5, 5, 11, 6], "texture": "#2"},
				"up": {"uv": [11.5, 6.5, 10.5, 6], "texture": "#2"},
				"down": {"uv": [11.5, 6.5, 10.5, 7], "texture": "#2"}
			}
		},
		{
			"from": [1, -0.5, 7],
			"to": [5, 0.5, 8],
			"rotation": {"angle": 0, "axis": "y", "origin": [1, -1, 7]},
			"faces": {
				"north": {"uv": [3.5, 7.5, 5.5, 8], "texture": "#2"},
				"east": {"uv": [11.5, 7.5, 12, 8], "texture": "#2"},
				"south": {"uv": [5.5, 7.5, 7.5, 8], "texture": "#2"},
				"west": {"uv": [8, 11.5, 8.5, 12], "texture": "#2"},
				"up": {"uv": [9.5, 8, 7.5, 7.5], "texture": "#2"},
				"down": {"uv": [5.5, 8, 3.5, 8.5], "texture": "#2"}
			}
		},
		{
			"from": [12, -0.5, 7],
			"to": [16, 0.5, 8],
			"rotation": {"angle": 0, "axis": "y", "origin": [12, -1, 7]},
			"faces": {
				"north": {"uv": [5.5, 8, 7.5, 8.5], "texture": "#2"},
				"east": {"uv": [11.5, 8, 12, 8.5], "texture": "#2"},
				"south": {"uv": [7.5, 8, 9.5, 8.5], "texture": "#2"},
				"west": {"uv": [8.5, 11.5, 9, 12], "texture": "#2"},
				"up": {"uv": [10.5, 1.5, 8.5, 1], "texture": "#2"},
				"down": {"uv": [3.5, 8.5, 1.5, 9], "texture": "#2"}
			}
		},
		{
			"from": [13.5, -0.5, 5],
			"to": [14.5, 0.5, 6],
			"rotation": {"angle": 0, "axis": "y", "origin": [13, -1, 4]},
			"faces": {
				"north": {"uv": [11.5, 8.5, 12, 9], "texture": "#2"},
				"east": {"uv": [9, 11.5, 9.5, 12], "texture": "#2"},
				"south": {"uv": [11.5, 9, 12, 9.5], "texture": "#2"},
				"west": {"uv": [9.5, 11.5, 10, 12], "texture": "#2"},
				"up": {"uv": [12, 10, 11.5, 9.5], "texture": "#2"},
				"down": {"uv": [10.5, 11.5, 10, 12], "texture": "#2"}
			}
		},
		{
			"from": [14, -0.5, 6],
			"to": [15, 0.5, 7],
			"rotation": {"angle": 0, "axis": "y", "origin": [14, -1, 5]},
			"faces": {
				"north": {"uv": [11.5, 10, 12, 10.5], "texture": "#2"},
				"east": {"uv": [10.5, 11.5, 11, 12], "texture": "#2"},
				"south": {"uv": [11.5, 10.5, 12, 11], "texture": "#2"},
				"west": {"uv": [11, 11.5, 11.5, 12], "texture": "#2"},
				"up": {"uv": [12, 11.5, 11.5, 11], "texture": "#2"},
				"down": {"uv": [12, 11.5, 11.5, 12], "texture": "#2"}
			}
		},
		{
			"from": [13, -0.5, 6],
			"to": [14, 0.5, 7],
			"rotation": {"angle": 0, "axis": "y", "origin": [13, -1, 5]},
			"faces": {
				"north": {"uv": [0, 12, 0.5, 12.5], "texture": "#2"},
				"east": {"uv": [12, 0, 12.5, 0.5], "texture": "#2"},
				"south": {"uv": [0.5, 12, 1, 12.5], "texture": "#2"},
				"west": {"uv": [12, 0.5, 12.5, 1], "texture": "#2"},
				"up": {"uv": [1.5, 12.5, 1, 12], "texture": "#2"},
				"down": {"uv": [12.5, 1, 12, 1.5], "texture": "#2"}
			}
		},
		{
			"from": [10, -1, 12],
			"to": [11, 1, 13],
			"rotation": {"angle": 0, "axis": "y", "origin": [10, -1, 11]},
			"faces": {
				"north": {"uv": [10.5, 7, 11, 8], "texture": "#2"},
				"east": {"uv": [10.5, 8, 11, 9], "texture": "#2"},
				"south": {"uv": [9, 10.5, 9.5, 11.5], "texture": "#2"},
				"west": {"uv": [10.5, 9, 11, 10], "texture": "#2"},
				"up": {"uv": [2, 12.5, 1.5, 12], "texture": "#2"},
				"down": {"uv": [12.5, 1.5, 12, 2], "texture": "#2"}
			}
		},
		{
			"from": [11, -0.5, 12],
			"to": [12, 0.5, 13],
			"rotation": {"angle": 0, "axis": "y", "origin": [11, -1, 11]},
			"faces": {
				"north": {"uv": [2, 12, 2.5, 12.5], "texture": "#2"},
				"east": {"uv": [12, 2, 12.5, 2.5], "texture": "#2"},
				"south": {"uv": [2.5, 12, 3, 12.5], "texture": "#2"},
				"west": {"uv": [12, 2.5, 12.5, 3], "texture": "#2"},
				"up": {"uv": [3.5, 12.5, 3, 12], "texture": "#2"},
				"down": {"uv": [12.5, 3, 12, 3.5], "texture": "#2"}
			}
		},
		{
			"from": [5, -0.5, 12],
			"to": [6, 0.5, 13],
			"rotation": {"angle": 0, "axis": "y", "origin": [5, -1, 11]},
			"faces": {
				"north": {"uv": [3.5, 12, 4, 12.5], "texture": "#2"},
				"east": {"uv": [12, 3.5, 12.5, 4], "texture": "#2"},
				"south": {"uv": [4, 12, 4.5, 12.5], "texture": "#2"},
				"west": {"uv": [12, 4, 12.5, 4.5], "texture": "#2"},
				"up": {"uv": [5, 12.5, 4.5, 12], "texture": "#2"},
				"down": {"uv": [12.5, 4.5, 12, 5], "texture": "#2"}
			}
		},
		{
			"from": [5, -0.5, 10],
			"to": [6, 0.5, 11],
			"rotation": {"angle": 0, "axis": "y", "origin": [5, -1, 9]},
			"faces": {
				"north": {"uv": [5, 12, 5.5, 12.5], "texture": "#2"},
				"east": {"uv": [12, 5, 12.5, 5.5], "texture": "#2"},
				"south": {"uv": [5.5, 12, 6, 12.5], "texture": "#2"},
				"west": {"uv": [12, 5.5, 12.5, 6], "texture": "#2"},
				"up": {"uv": [6.5, 12.5, 6, 12], "texture": "#2"},
				"down": {"uv": [12.5, 6, 12, 6.5], "texture": "#2"}
			}
		},
		{
			"from": [4, -0.5, 11],
			"to": [5, 0.5, 12],
			"rotation": {"angle": 0, "axis": "y", "origin": [4, -1, 10]},
			"faces": {
				"north": {"uv": [6.5, 12, 7, 12.5], "texture": "#2"},
				"east": {"uv": [12, 6.5, 12.5, 7], "texture": "#2"},
				"south": {"uv": [7, 12, 7.5, 12.5], "texture": "#2"},
				"west": {"uv": [12, 7, 12.5, 7.5], "texture": "#2"},
				"up": {"uv": [8, 12.5, 7.5, 12], "texture": "#2"},
				"down": {"uv": [12.5, 7.5, 12, 8], "texture": "#2"}
			}
		},
		{
			"from": [3, -0.5, 10],
			"to": [4, 0.5, 11],
			"rotation": {"angle": 0, "axis": "y", "origin": [3, -1, 9]},
			"faces": {
				"north": {"uv": [8, 12, 8.5, 12.5], "texture": "#2"},
				"east": {"uv": [12, 8, 12.5, 8.5], "texture": "#2"},
				"south": {"uv": [8.5, 12, 9, 12.5], "texture": "#2"},
				"west": {"uv": [12, 8.5, 12.5, 9], "texture": "#2"},
				"up": {"uv": [9.5, 12.5, 9, 12], "texture": "#2"},
				"down": {"uv": [12.5, 9, 12, 9.5], "texture": "#2"}
			}
		},
		{
			"from": [2, -0.5, 9],
			"to": [3, 0.5, 10],
			"rotation": {"angle": 0, "axis": "y", "origin": [2, -1, 8]},
			"faces": {
				"north": {"uv": [9.5, 12, 10, 12.5], "texture": "#2"},
				"east": {"uv": [12, 9.5, 12.5, 10], "texture": "#2"},
				"south": {"uv": [10, 12, 10.5, 12.5], "texture": "#2"},
				"west": {"uv": [12, 10, 12.5, 10.5], "texture": "#2"},
				"up": {"uv": [11, 12.5, 10.5, 12], "texture": "#2"},
				"down": {"uv": [12.5, 10.5, 12, 11], "texture": "#2"}
			}
		},
		{
			"from": [2, -0.5, 8],
			"to": [3, 0.5, 9],
			"rotation": {"angle": 0, "axis": "y", "origin": [2, -1, 7]},
			"faces": {
				"north": {"uv": [11, 12, 11.5, 12.5], "texture": "#2"},
				"east": {"uv": [12, 11, 12.5, 11.5], "texture": "#2"},
				"south": {"uv": [11.5, 12, 12, 12.5], "texture": "#2"},
				"west": {"uv": [12, 11.5, 12.5, 12], "texture": "#2"},
				"up": {"uv": [12.5, 12.5, 12, 12], "texture": "#2"},
				"down": {"uv": [0.5, 12.5, 0, 13], "texture": "#2"}
			}
		},
		{
			"from": [4, -0.5, 8],
			"to": [5, 0.5, 9],
			"rotation": {"angle": 0, "axis": "y", "origin": [4, -1, 7]},
			"faces": {
				"north": {"uv": [12.5, 0, 13, 0.5], "texture": "#2"},
				"east": {"uv": [0.5, 12.5, 1, 13], "texture": "#2"},
				"south": {"uv": [12.5, 0.5, 13, 1], "texture": "#2"},
				"west": {"uv": [1, 12.5, 1.5, 13], "texture": "#2"},
				"up": {"uv": [13, 1.5, 12.5, 1], "texture": "#2"},
				"down": {"uv": [2, 12.5, 1.5, 13], "texture": "#2"}
			}
		},
		{
			"from": [3, -0.5, 8],
			"to": [4, 0.5, 9],
			"rotation": {"angle": 0, "axis": "y", "origin": [3, -1, 7]},
			"faces": {
				"north": {"uv": [12.5, 1.5, 13, 2], "texture": "#2"},
				"east": {"uv": [2, 12.5, 2.5, 13], "texture": "#2"},
				"south": {"uv": [12.5, 2, 13, 2.5], "texture": "#2"},
				"west": {"uv": [2.5, 12.5, 3, 13], "texture": "#2"},
				"up": {"uv": [13, 3, 12.5, 2.5], "texture": "#2"},
				"down": {"uv": [3.5, 12.5, 3, 13], "texture": "#2"}
			}
		},
		{
			"from": [4, -0.5, 9],
			"to": [5, 0.5, 10],
			"rotation": {"angle": 0, "axis": "y", "origin": [4, -1, 8]},
			"faces": {
				"north": {"uv": [12.5, 3, 13, 3.5], "texture": "#2"},
				"east": {"uv": [3.5, 12.5, 4, 13], "texture": "#2"},
				"south": {"uv": [12.5, 3.5, 13, 4], "texture": "#2"},
				"west": {"uv": [4, 12.5, 4.5, 13], "texture": "#2"},
				"up": {"uv": [13, 4.5, 12.5, 4], "texture": "#2"},
				"down": {"uv": [5, 12.5, 4.5, 13], "texture": "#2"}
			}
		},
		{
			"from": [6, -0.5, 11],
			"to": [7, 0.5, 12],
			"rotation": {"angle": 0, "axis": "y", "origin": [6, -1, 10]},
			"faces": {
				"north": {"uv": [12.5, 4.5, 13, 5], "texture": "#2"},
				"east": {"uv": [5, 12.5, 5.5, 13], "texture": "#2"},
				"south": {"uv": [12.5, 5, 13, 5.5], "texture": "#2"},
				"west": {"uv": [5.5, 12.5, 6, 13], "texture": "#2"},
				"up": {"uv": [13, 6, 12.5, 5.5], "texture": "#2"},
				"down": {"uv": [6.5, 12.5, 6, 13], "texture": "#2"}
			}
		},
		{
			"from": [12, -0.5, 11],
			"to": [13, 0.5, 12],
			"rotation": {"angle": 0, "axis": "y", "origin": [12, -1, 10]},
			"faces": {
				"north": {"uv": [12.5, 6, 13, 6.5], "texture": "#2"},
				"east": {"uv": [6.5, 12.5, 7, 13], "texture": "#2"},
				"south": {"uv": [12.5, 6.5, 13, 7], "texture": "#2"},
				"west": {"uv": [7, 12.5, 7.5, 13], "texture": "#2"},
				"up": {"uv": [13, 7.5, 12.5, 7], "texture": "#2"},
				"down": {"uv": [8, 12.5, 7.5, 13], "texture": "#2"}
			}
		},
		{
			"from": [11, -0.5, 10],
			"to": [12, 0.5, 11],
			"rotation": {"angle": 0, "axis": "y", "origin": [11, -1, 9]},
			"faces": {
				"north": {"uv": [12.5, 7.5, 13, 8], "texture": "#2"},
				"east": {"uv": [8, 12.5, 8.5, 13], "texture": "#2"},
				"south": {"uv": [12.5, 8, 13, 8.5], "texture": "#2"},
				"west": {"uv": [8.5, 12.5, 9, 13], "texture": "#2"},
				"up": {"uv": [13, 9, 12.5, 8.5], "texture": "#2"},
				"down": {"uv": [9.5, 12.5, 9, 13], "texture": "#2"}
			}
		},
		{
			"from": [12, -0.5, 9],
			"to": [13, 0.5, 10],
			"rotation": {"angle": 0, "axis": "y", "origin": [12, -1, 8]},
			"faces": {
				"north": {"uv": [12.5, 9, 13, 9.5], "texture": "#2"},
				"east": {"uv": [9.5, 12.5, 10, 13], "texture": "#2"},
				"south": {"uv": [12.5, 9.5, 13, 10], "texture": "#2"},
				"west": {"uv": [10, 12.5, 10.5, 13], "texture": "#2"},
				"up": {"uv": [13, 10.5, 12.5, 10], "texture": "#2"},
				"down": {"uv": [11, 12.5, 10.5, 13], "texture": "#2"}
			}
		},
		{
			"from": [12, -0.5, 8],
			"to": [13, 0.5, 9],
			"rotation": {"angle": 0, "axis": "y", "origin": [12, -1, 7]},
			"faces": {
				"north": {"uv": [12.5, 10.5, 13, 11], "texture": "#2"},
				"east": {"uv": [11, 12.5, 11.5, 13], "texture": "#2"},
				"south": {"uv": [12.5, 11, 13, 11.5], "texture": "#2"},
				"west": {"uv": [11.5, 12.5, 12, 13], "texture": "#2"},
				"up": {"uv": [13, 12, 12.5, 11.5], "texture": "#2"},
				"down": {"uv": [12.5, 12.5, 12, 13], "texture": "#2"}
			}
		},
		{
			"from": [13, -0.5, 8],
			"to": [14, 0.5, 9],
			"rotation": {"angle": 0, "axis": "y", "origin": [13, -1, 7]},
			"faces": {
				"north": {"uv": [12.5, 12, 13, 12.5], "texture": "#2"},
				"east": {"uv": [12.5, 12.5, 13, 13], "texture": "#2"},
				"south": {"uv": [0, 13, 0.5, 13.5], "texture": "#2"},
				"west": {"uv": [13, 0, 13.5, 0.5], "texture": "#2"},
				"up": {"uv": [1, 13.5, 0.5, 13], "texture": "#2"},
				"down": {"uv": [13.5, 0.5, 13, 1], "texture": "#2"}
			}
		},
		{
			"from": [14, -0.5, 9],
			"to": [15, 0.5, 10],
			"rotation": {"angle": 0, "axis": "y", "origin": [14, -1, 8]},
			"faces": {
				"north": {"uv": [1, 13, 1.5, 13.5], "texture": "#2"},
				"east": {"uv": [13, 1, 13.5, 1.5], "texture": "#2"},
				"south": {"uv": [1.5, 13, 2, 13.5], "texture": "#2"},
				"west": {"uv": [13, 1.5, 13.5, 2], "texture": "#2"},
				"up": {"uv": [2.5, 13.5, 2, 13], "texture": "#2"},
				"down": {"uv": [13.5, 2, 13, 2.5], "texture": "#2"}
			}
		},
		{
			"from": [14, -0.5, 8],
			"to": [15, 0.5, 9],
			"rotation": {"angle": 0, "axis": "y", "origin": [14, -1, 7]},
			"faces": {
				"north": {"uv": [2.5, 13, 3, 13.5], "texture": "#2"},
				"east": {"uv": [13, 2.5, 13.5, 3], "texture": "#2"},
				"south": {"uv": [3, 13, 3.5, 13.5], "texture": "#2"},
				"west": {"uv": [13, 3, 13.5, 3.5], "texture": "#2"},
				"up": {"uv": [4, 13.5, 3.5, 13], "texture": "#2"},
				"down": {"uv": [13.5, 3.5, 13, 4], "texture": "#2"}
			}
		},
		{
			"from": [13, -0.5, 10],
			"to": [14, 0.5, 11],
			"rotation": {"angle": 0, "axis": "y", "origin": [13, -1, 9]},
			"faces": {
				"north": {"uv": [4, 13, 4.5, 13.5], "texture": "#2"},
				"east": {"uv": [13, 4, 13.5, 4.5], "texture": "#2"},
				"south": {"uv": [4.5, 13, 5, 13.5], "texture": "#2"},
				"west": {"uv": [13, 4.5, 13.5, 5], "texture": "#2"},
				"up": {"uv": [5.5, 13.5, 5, 13], "texture": "#2"},
				"down": {"uv": [13.5, 5, 13, 5.5], "texture": "#2"}
			}
		},
		{
			"from": [10, -0.5, 11],
			"to": [11, 0.5, 12],
			"rotation": {"angle": 0, "axis": "y", "origin": [10, -1, 10]},
			"faces": {
				"north": {"uv": [5.5, 13, 6, 13.5], "texture": "#2"},
				"east": {"uv": [13, 5.5, 13.5, 6], "texture": "#2"},
				"south": {"uv": [6, 13, 6.5, 13.5], "texture": "#2"},
				"west": {"uv": [13, 6, 13.5, 6.5], "texture": "#2"},
				"up": {"uv": [7, 13.5, 6.5, 13], "texture": "#2"},
				"down": {"uv": [13.5, 6.5, 13, 7], "texture": "#2"}
			}
		},
		{
			"from": [6, -1, 12],
			"to": [7, 1, 13],
			"rotation": {"angle": 0, "axis": "y", "origin": [5, -1, 12]},
			"faces": {
				"north": {"uv": [9.5, 10.5, 10, 11.5], "texture": "#2"},
				"east": {"uv": [10.5, 10, 11, 11], "texture": "#2"},
				"south": {"uv": [11, 1, 11.5, 2], "texture": "#2"},
				"west": {"uv": [11, 2, 11.5, 3], "texture": "#2"},
				"up": {"uv": [7.5, 13.5, 7, 13], "texture": "#2"},
				"down": {"uv": [13.5, 7, 13, 7.5], "texture": "#2"}
			}
		}
	],
	"display": {
		"thirdperson_righthand": {
			"rotation": [102.9, -8.31, 76.65],
			"translation": [-7, 7, 4.75]
		},
		"thirdperson_lefthand": {
			"rotation": [94.55, 0.54, -102.68],
			"translation": [8.25, 6.5, -0.5]
		},
		"firstperson_righthand": {
			"rotation": [82.59, -5, 52.13],
			"translation": [-6.25, 7.5, 6.25]
		},
		"firstperson_lefthand": {
			"rotation": [86.79, -6.75, 64.24],
			"translation": [-3, 7, 3.75]
		},
		"ground": {
			"rotation": [81.25, -6.76, 10.04],
			"translation": [0, 4.75, 0]
		},
		"gui": {
			"rotation": [91.34, -0.73, -30],
			"translation": [3.75, 0, 0]
		},
		"head": {
			"rotation": [90.75, 0, 0],
			"translation": [0, 14.25, 4.25]
		},
		"fixed": {
			"rotation": [90.25, 0, 0],
			"translation": [0, 0, 4.5]
		}
	}
}